date	news	body	articles
2026-07-20	ニュース600	本文0	記事150
2026-07-21	ニュース600	本文0	記事160
2026-07-22	ニュース600	本文0	記事160
2026-07-23	ニュース600	本文0	記事171
2026-07-24	ニュース600	本文0	記事184
2026-07-24	ニュース600	本文0	記事199
2026-07-25	ニュース600	本文0	記事205
2026-07-26	ニュース600	本文0	記事205
2026-07-27	ニュース600	本文0	記事205
2026-07-27	ニュース600	本文0	記事205
2026-07-29	ニュース600	本文0	記事205
2026-08-02	ニュース2777	本文591	素材48	記事225
2026-08-03	ニュース2805	本文607	素材86	記事225
2026-08-03	ニュース2843	本文634	素材124	記事226
2026-08-04	ニュース2882	本文666	素材163	記事226
2026-08-04	ニュース2924	本文693	素材203	記事226
2026-08-05	ニュース2979	本文728	素材242	記事226
2026-08-05	ニュース3000	本文759	素材281	記事226
2026-08-08	ニュース3000	本文790	素材320	記事226
2026-08-08	ニュース3000	本文818	素材357	記事226
2026-08-09	ニュース3000	本文845	素材391	記事226
2026-08-09	ニュース3000	本文876	素材428	記事226
2026-08-10	ニュース3000	本文931	素材504	記事226
2026-08-11	ニュース3000	本文964	素材539	記事226
2026-08-11	ニュース3000	本文995	素材579	記事226
2026-08-12	ニュース3000	本文1018	素材619	記事226
2026-08-12	ニュース3000	本文1053	素材655	記事226
2026-08-13	ニュース3000	本文1084	素材695	記事226
2026-08-13	ニュース3000	本文1112	素材735	記事238
2026-08-14	ニュース3000	本文1189	素材843	記事240
2026-08-15	ニュース3000	本文1239	素材914	記事241
2026-08-16	ニュース3000	本文1239	素材949	記事244
2026-08-17	ニュース3000	本文1258	素材981	記事245
2026-08-17	ニュース3000	本文1293	素材1021	記事246
2026-08-18	ニュース3000	本文1321	素材1057	記事247
2026-08-18	ニュース3000	本文1348	素材1093	記事249
2026-08-19	ニュース3000	本文1372	素材1130	記事250
2026-08-20	ニュース3000	本文1404	素材1208	記事251
2026-08-20	ニュース3000	本文1434	素材1248	記事250
2026-08-21	ニュース3000	本文1434	素材1256	記事250
2026-08-21	ニュース3000	本文1434	素材619	記事250
2026-08-22	ニュース3000	本文1434	素材596	記事250
2026-08-23	ニュース3000	本文1483	素材649	記事252
2026-08-23	ニュース3000	本文1514	素材680	記事253
2026-08-23	ニュース3000	本文1541	素材715	記事254
